AVGPSNRAVG,AVGSSIMAVG,AVGTimesAVG
25.9617965103398,0.57676502564312,0.00218565
24.5806485144101,0.587995408512155,0.00085045
