AVGPSNRMED,AVGSSIMMED,AVGTimesMED
25.3992542523878,0.391002763431621,0.0012589
24.1675525650625,0.432114946020749,0.00075225
